molid,vendors
ZINC000000119691,http://www.echemstore.com/catalogsearch/result/?q=ST50976208|https://www.maybridge.com/portal/alias__Rainbow/lang__en/tabID__177/DesktopDefault.aspx|http://www.ambinter.com/reference/Amb19665849|https://www.molport.com/shop/molecule-link/MolPort-002-900-282|https://orderbb.emolecules.com/search/#?query=5831879|https://chem-space.com/CSCS03437698714|https://mcule.com/MCULE-6932137796/
ZINC000005546452,http://www.echemstore.com/catalogsearch/result/?q=ST50976231|http://www.ambinter.com/reference/Amb20660063|https://mcule.com/MCULE-2776210343/
ZINC000005896392,http://www.echemstore.com/catalogsearch/result/?q=ST51000836|http://www.ambinter.com/reference/Amb20662064|https://mcule.com/MCULE-1543647235/
ZINC000116336589,https://orderbb.emolecules.com/search/#?query=32275732|https://orderbb.emolecules.com/search/#?query=32275732|https://mcule.com/MCULE-1163648855/
ZINC000000563211,mailto:busdev@asinex.com?SUBJECT=price and availability of :BAS06046551|http://chemistryondemand.com:8080/eShop/search_results.jsp?idnumber=6873-1383|http://www.achemblock.com/catalogsearch/result/?q=L20066|http://www.echemstore.com/catalogsearch/result/?q=ST50279027|http://www.ambinter.com/reference/Amb20035947|http://www.ambinter.com/reference/Amb3683701|http://www.ambinter.com/reference/Amb20035947|https://shop.lifechemicals.com/2/F2135-0238|http://orders.frontierssi.com/fssionline32/public/product.aspx?cat=100089733&amp;type=hts|https://www.biosynth.com/en/products/life-science/other-biochemicals/products/YEA54247|http://www.fluorochem.co.uk/Products/Product?code=495218|http://www.matrixscientific.com/136788.html|https://shop.lifechemicals.com/1/F2135-0238|https://asischem.com/catalogsearch/result/?q=V18908|https://www.enaminestore.com/catalog/EN300-235777|https://www.molport.com/shop/molecule-link/MolPort-001-835-700|https://orderbb.emolecules.com/search/#?query=1102380|https://orderbb.emolecules.com/search/#?query=1102380|http://a2bchem.com/prod/AV79645|https://www.molport.com/shop/molecule-link/MolPort-001-835-700|http://www.angenechemical.com/productshow/AGN-PC-0PHLCE.html|https://mcule.com/MCULE-6208802152/|https://mcule.com/MCULE-6208802152/|http://www.bldpharm.com/search/Search.html?keyword=BD00800603|https://labnetwork.com/frontend-app/p/#!/moleculedetails/LN01249728
ZINC000000155494,https://www.maybridge.com/portal/alias__Rainbow/lang__en/tabID__177/DesktopDefault.aspx|http://www.ambinter.com/reference/Amb19666082|http://orders.frontierssi.com/fssionline32/public/product.aspx?cat=650005147&amp;type=hts|https://www.molport.com/shop/molecule-link/MolPort-001-808-674|https://orderbb.emolecules.com/search/#?query=1031897|https://chem-space.com/CSCS03437714185|https://mcule.com/MCULE-3456465620/
ZINC000073081233,https://www.enaminestore.com/blog/real/Z193112250/|https://mcule.com/MCULE-8553518459/
ZINC001434848366,https://www.enaminestore.com/blog/real/PV-001793112427/
ZINC001124533811,https://www.enaminestore.com/blog/real/PV-001793112444/
ZINC001413976822,https://www.enaminestore.com/blog/real/PV-001793112593/
